Program Name, University Name
Accounting (BA 3 year),Algoma University
Spanish and Latin American Cultures & Societies,York University – Glendon Campus
Anishinaabemowin (BA 3 year),Algoma University
Anishinaabe Studies (BA 3 year),Algoma University
Biology (BSc 3 year),Algoma University
Biology (BSc 4 year),Algoma University
Business Administration – Accounting (BBA 4 year),Algoma University
Business Administration – Accounting (Brampton) (BBA 4 year),Algoma University
Business Administration – Economics (BBA 4 year),Algoma University
Business Administration – Human Resources Management (BBA 4 year),Algoma University
Business Administration – Human Resources Management (Brampton) (BBA 4 year),Algoma University
Business Administration – Marketing (BBA 4 year),Algoma University
Business Administration – Marketing (Brampton) (BBA 4 year),Algoma University
Business Administration (Brampton) (BBA 4 year),Algoma University
Community Development (BA 3 year),Algoma University
Community Economic and Social Development (BA 4 year),Algoma University
Community Economic & Social Development (BA 3 year),Algoma University
Computer Science – Computer Games Technology (BCOSC 4 year),Algoma University
Computer Science – Computer Games Technology/Creative Arts (BCOSC 4 year),Algoma University
Computer Science – Mobile Software Engineering (BCOSC 4 year),Algoma University
Computer Science (BCOSC 3 year),Algoma University
Computer Science (BCOSC 4 year),Algoma University
Computer Science (Brampton) (BCOSC 3 year),Algoma University
Computer Science (Brampton) (BCOSC 4 year),Algoma University
Computer Science (BSc 3 year),Algoma University
Computer Science (BSc 4 year),Algoma University
Economics (BA 3 year),Algoma University
Engineering – Chemical First Year Pathway (BENG),Algoma University
Engineering – Mechanical First Year Pathway (BENG),Algoma University
Engineering – Mining First Year Pathway (BENG),Algoma University
English (BA 3 year),Algoma University
English (BA 4 year),Algoma University
Environmental Science (BSc 4 Year),Algoma University
Finance and Economics (BA 4 year),Algoma University
Finance and Economics (Brampton) (BA 4 year),Algoma University
Fine Arts (Visual Arts) (BFA 4 year),Algoma University
Geography (BA 3 year),Algoma University
Geography (BA 4 year),Algoma University
History (BA 3 year),Algoma University
History (BA 4 year),Algoma University
Law and Justice (BA 3 year),Algoma University
Law and Justice (BA 4 year),Algoma University
Music (BA 3 year),Algoma University
Political Science (BA 3 year),Algoma University
Political Science (BA 4 year),Algoma University
Psychology (BA 3 year),Algoma University
Psychology (BA 4 year),Algoma University
Psychology (Brampton) (BA 4 year Non-Honours),Algoma University
Psychology (BSc 4 year),Algoma University
Social Work (BSW 4 year),Algoma University
Sociology (BA 3 year),Algoma University
Sociology (BA 4 year),Algoma University
Undeclared Major (BA 4 Year),Algoma University
Visual Arts (BA 3 year),Algoma University
Accounting,Brock University
Applied Grape and Wine Science,Brock University
Applied Linguistics,Brock University
Biochemistry,Brock University
Biological Sciences,Brock University
Biomedical Sciences,Brock University
Biophysics,Brock University
Biotechnology,Brock University
Business Administration,Brock University
Business Administration Co-op International Dual Degree,Brock University
Business Communication,Brock University
Business Economics,Brock University
Canadian Studies,Brock University
Chemistry,Brock University
Child and Youth Studies,Brock University
Child Health,Brock University
Classics,Brock University
Community Health,Brock University
Computer Science,Brock University
Computer Science and Mathematics Co-op Only,Brock University
Computing and Business,Brock University
Concurrent BA Child and Youth Studies Honours/BEd – Primary/Junior,Brock University
Concurrent BA Honours/BEd – Intermediate/Senior,Brock University
Concurrent BA in Educational Studies Honours/BEd Junior/Intermediate,Brock University
Concurrent BA in Interactive Arts and Science/BEd - Junior/Intermediate,Brock University
Concurrent BA Integrated Studies Honours/BEd - Junior/Intermediate,Brock University
Concurrent BPhEd Honours/BEd – Intermediate/Senior,Brock University
Concurrent BPhEd Honours/BEd - Junior/Intermediate,Brock University
Concurrent BRLS Honours in Recreation and Leisure Studies/BEd - Junior/Intermediate,Brock University
Concurrent BSc Honours/BEd – Intermediate/Senior,Brock University
Concurrent BSc Integrated Studies/BEd - Junior/Intermediate,Brock University
Critical Criminology,Brock University
Data Science and Analytics – Computational Data Services,Brock University
Data Science and Analytics – Financial Analytics (BSc),Brock University
Dramatic Arts,Brock University
Earth and Planetary Science Communication,Brock University
Earth Sciences,Brock University
Economics,Brock University
Educational Studies,Brock University
English Language and Literature,Brock University
Environmental Geosciences,Brock University
Film Studies,Brock University
Forensic Psychology and Criminal Justice,Brock University
Game Design,Brock University
Game Programming,Brock University
General Humanities,Brock University
Geography (BA),Brock University
Geography (BSc),Brock University
History,Brock University
Integrated Engineering,Brock University
Interactive Arts and Science,Brock University
Kinesiology (BKin),Brock University
Kinesiology (BKin) and Master of Professional Kinesiology,Brock University
Kinesiology (BScKin),Brock University
Labour Studies,Brock University
Mathematics and Statistics,Brock University
Media and Communication Studies,Brock University
Medical Sciences,Brock University
Medieval and Renaissance Studies,Brock University
Modern Languages: French Studies; Hispanic & Latin American Studies; Italian Studies,Brock University
Music (BA),Brock University
Music (BMus),Brock University
Neuroscience,Brock University
Nursing,Brock University
Philosophy,Brock University
Physical Education,Brock University
Physics,Brock University
Political Science,Brock University
Psychology (BA),Brock University
Psychology (BSc),Brock University
Public Health,Brock University
Public Health and Master of Public Health,Brock University
Recreation and Leisure Studies,Brock University
Sciences,Brock University
Social Sciences,Brock University
Sociology,Brock University
Sport Management,Brock University
Studies in Arts and Culture,Brock University
Tourism Studies,Brock University
Visual Arts,Brock University
Women's and Gender Studies,Brock University
Accounting*,Carleton University
Architectural Studies (regular and co-op) – Architecture,Carleton University
BA – Honours (4 years) (co-op available with some concentrations),Carleton University
BA – Non-Honours (3 years),Carleton University
Cognitive Science – Honours (regular and co-op),Carleton University
Cognitive Science – Non-Honours,Carleton University
Commerce – Accounting (regular and co-op),Carleton University
Commerce – Entrepreneurship (regular and co-op),Carleton University
Commerce – Finance (regular and co-op),Carleton University
Commerce – Information Systems (regular and co-op),Carleton University
Commerce – International Business (regular and co-op),Carleton University
Commerce – Management (regular and co-op),Carleton University
Commerce – Marketing (regular and co-op),Carleton University
Commerce – Supply Chain Management (regular and co-op),Carleton University
Commerce (regular and co-op),Carleton University
Communication and Media Studies,Carleton University
Computer Science – Honours (regular and co-op),Carleton University
Cybersecurity*,Carleton University
Data Science*,Carleton University
Economics,Carleton University
Engineering – Aerospace Engineering (co-op option available),Carleton University
Engineering – Architectural Conservation and Sustainability Engineering,Carleton University
Engineering – Biomedical and Electrical Engineering (regular and co-op),Carleton University
Engineering – Biomedical and Mechanical Engineering (regular and co-op),Carleton University
Engineering – Civil Engineering (regular and co-op),Carleton University
Engineering – Communications Engineering (regular and co-op),Carleton University
Engineering – Computer Systems Engineering (regular and co-op),Carleton University
Engineering – Electrical Engineering (regular and co-op),Carleton University
Engineering – Engineering Physics (regular and co-op),Carleton University
Engineering – Environmental Engineering (regular and co-op),Carleton University
Engineering – Mechanical Engineering (regular and co-op),Carleton University
Engineering – Mechatronics Engineering (regular and co-op)*,Carleton University
Engineering – Software Engineering (regular and co-op),Carleton University
Engineering – Sustainable and Renewable Energy (regular and co-op),Carleton University
Global and International Studies,Carleton University
Health Sciences – Honours (4 years),Carleton University
Humanities,Carleton University
Humanities and Biology,Carleton University
Industrial Design (regular and co-op),Carleton University
Information Technology – Information Resource Management (regular and co-op) (program offered jointly with Algonquin College),Carleton University
Information Technology – Interactive Multimedia and Design (regular and co-op) (program offered jointly with Algonquin College),Carleton University
Information Technology – Network Technology (regular and co-op) (program offered jointly with Algonquin College),Carleton University
Information Technology – Optical Systems and Sensors (regular and co-op) (program offered jointly with Algonquin College),Carleton University
International Business,Carleton University
Journalism,Carleton University
Journalism and Humanities,Carleton University
Mathematics – Honours (4 years) (regular and co-op),Carleton University
Mathematics – Non-Honours (3 years),Carleton University
Media Production and Design,Carleton University
Music,Carleton University
Nursing*,Carleton University
Public Affairs and Policy Management – Communication & Policy Studies (regular and co-op),Carleton University
Public Affairs and Policy Management – Development Policy Studies (regular and co-op),Carleton University
Public Affairs and Policy Management – International Policy Studies (regular and co-op),Carleton University
Public Affairs and Policy Management – No concentration (first year only) (regular and co-op),Carleton University
Public Affairs and Policy Management – Public Policy & Administration (regular and co-op),Carleton University
Science – Honours (4 years) (regular and co-op),Carleton University
Science – Major (4 years),Carleton University
Science – Non-Honours (3 years),Carleton University
Social Work,Carleton University
Animal Biology,University of Guelph
Applied Human Nutrition,University of Guelph
Arts and Sciences,University of Guelph
Arts General,University of Guelph
Arts Honours,University of Guelph
"Arts Honours, Psychology (Co-op option available)",University of Guelph
"Bachelor of Creative Arts, Health and Wellness (Honours)",University of Guelph
Bachelor of Indigenous Environmental Science and Practice,University of Guelph
Bachelor of Mathematics (General),University of Guelph
Bachelor of Mathematics (Honours),University of Guelph
Bachelor of One Health,University of Guelph
"Bachelor of Science, General (3 years)",University of Guelph
"Bachelor of Science, Honours (4 years)",University of Guelph
Bachelor of Science in Agriculture,University of Guelph
Bachelor of Science in Environmental Sciences,University of Guelph
Biological Engineering (co-op and regular),University of Guelph
Biomedical Engineering (Co-op & Regular),University of Guelph
Bio-Medical Science,University of Guelph
Child Studies,University of Guelph
Commerce - Accounting (co-op and regular),University of Guelph
Commerce - Food and Agricultural Business (co-op and regular),University of Guelph
"Commerce - Government, Economics and Management ( co-op and regular)",University of Guelph
Commerce - Management (co-op and regular),University of Guelph
Commerce - Management Economics and Finance (co-op and regular),University of Guelph
Commerce - Marketing Management (co-op and regular),University of Guelph
Commerce - Real Estate (co-op and regular),University of Guelph
Commerce - Sport and Event Management Commerce (co-op and regular),University of Guelph
Computer Engineering (co-op and regular),University of Guelph
Computer Science (co-op and regular),University of Guelph
Criminal Justice and Public Policy (co-op and regular),University of Guelph
Engineering Systems and Computing (co-op and regular),University of Guelph
Environmental Engineering (co-op and regular),University of Guelph
Environmental Management,University of Guelph
Equine Management,University of Guelph
Family Studies and Human Development,University of Guelph
General Bachelor of Computing,University of Guelph
Hospitality and Tourism Management,University of Guelph
Human Kinetics,University of Guelph
Landscape Architecture,University of Guelph
Mechanical Engineering (co-op and regular),University of Guelph
Software Engineering (co-op and regular),University of Guelph
Studio Art,University of Guelph
Turfgrass Management (Associate Diploma program),University of Guelph
Water Resources Engineering (co-op and regular),University of Guelph
Honours Bachelor of Applied Arts in Media & Communication Studies and Diploma in Media Communications,University of Guelph-Humber
Honours Bachelor of Applied Science in Early Childhood Studies and Diploma in Early Childhood Education,University of Guelph-Humber
Honours Bachelor of Applied Science in Justice Studies and Diploma in Police Foundations OR Community and Justice Services,University of Guelph-Humber
Honours Bachelor of Applied Science in Kinesiology and Diploma in Fitness and Health Promotion,University of Guelph-Humber
Honours Bachelor of Applied Science in Psychology and Diploma in General Arts and Science,University of Guelph-Humber
Honours Bachelor of Business Administration and Diploma in Business Administration,University of Guelph-Humber
Anthropology (Thunder Bay and Orillia),Lakehead University
"Applied Life Sciences (Thunder Bay, Orillia and Lakehead/Georgian)",Lakehead University
Arts One (Thunder Bay),Lakehead University
Bioinformatics (Thunder Bay),Lakehead University
"Biology (includes Environmental Science, Animal Sciences, Plant Sciences, and Biodiversity and Conservation) (Thunder Bay)",Lakehead University
Business (co-op available) (Thunder Bay and Orillia),Lakehead University
Chemistry (includes Medical Sciences) (Thunder Bay),Lakehead University
Computer Science (co-op available) (Thunder Bay and Lakehead/Georgian),Lakehead University
Concurrent Education (Intermediate/Senior – Teach Grades 7 to 12) (Thunder Bay),Lakehead University
Concurrent Education (Primary/Junior – Teach Kindergarten to Grades 6) (Thunder Bay and Orillia),Lakehead University
Criminology (Orillia),Lakehead University
Earth Science (includes Environmental Science) (Thunder Bay),Lakehead University
Economics (Thunder Bay),Lakehead University
"Engineering (Chemical, Civil, Electrical, Mechanical, Mechatronics, and Software) (co-op available) (6 disciplines at Thunder Bay, 1 at Lakehead/Georgian)",Lakehead University
English (Thunder Bay and Orillia),Lakehead University
Environmental Management (co-op available) (Thunder Bay),Lakehead University
Environmental Sustainability (co-op available) (Orillia),Lakehead University
Forestry (co-op available) (Thunder Bay),Lakehead University
French (Thunder Bay),Lakehead University
Gender and Women’s Studies (Thunder Bay),Lakehead University
"General (Arts or Science) (Thunder Bay, Orillia & Online)",Lakehead University
Geoarchaeology (Thunder Bay),Lakehead University
Geography and the Environment (includes Environmental Science and Studies) (Thunder Bay and Orillia),Lakehead University
Geology (Thunder Bay),Lakehead University
History (Thunder Bay and Orillia),Lakehead University
Indigenous Learning (Thunder Bay),Lakehead University
Interdisciplinary Studies (Orillia Campus only),Lakehead University
Kinesiology (co-op available) (Thunder Bay),Lakehead University
Mathematics (Thunder Bay),Lakehead University
"Media, Film & Communications (Orillia Campus only)",Lakehead University
Music (Thunder Bay),Lakehead University
Natural Science (3-Year) (Thunder Bay),Lakehead University
Nursing (Thunder Bay),Lakehead University
"Outdoor Recreation, Parks & Tourism (Thunder Bay)",Lakehead University
Philosophy (Thunder Bay),Lakehead University
Physics (Thunder Bay),Lakehead University
Political Science/Pre-Law (Thunder Bay and Orillia),Lakehead University
Psychology (Thunder Bay and Orillia),Lakehead University
Science One (Thunder Bay and Orillia Campuses),Lakehead University
Social Work (Thunder Bay and Orillia),Lakehead University
Sociology (Thunder Bay and Orillia),Lakehead University
Visual Arts (Thunder Bay),Lakehead University
Water Resource Science (Thunder Bay),Lakehead University
Architectural Studies,Laurentian University
Behavioural Neuroscience,Laurentian University
Biochemistry,Laurentian University
Biomedical Biology,Laurentian University
Business Administration,Laurentian University
Business Administration – Accounting,Laurentian University
Business Administration – Finance,Laurentian University
Business Administration – Human Resources Management,Laurentian University
Business Administration – Marketing,Laurentian University
Chemistry,Laurentian University
Computer Science,Laurentian University
Computer Science – Game Design,Laurentian University
Concurrent Education with Arts – Junior/Intermediate,Laurentian University
Concurrent Education with Health Promotion – Junior/Intermediate,Laurentian University
Concurrent Education with Indigenous Social Work – Junior/Interm­ediate,Laurentian University
Concurrent Education with Kinesiology (BPHE) – Junior/Intermediate,Laurentian University
Concurrent Education with Kinesiology (B.Sc.) – Junior/Intermediate,Laurentian University
Concurrent Education with Outdoor Adventure Leadership – Junior/Intermediate,Laurentian University
Concurrent Education with Science – Junior/Intermediate,Laurentian University
Concurrent Education with Social Work - Junior/Intermediate,Laurentian University
Concurrent Education with Sport Psychology – Junior/Intermediate,Laurentian University
Criminal Justice,Laurentian University
Criminology,Laurentian University
Earth Sciences,Laurentian University
Economics,Laurentian University
Éducation concurrent avec Service social – moyen/intermédiaire,Laurentian University
Engineering – Chemical,Laurentian University
Engineering – Mechanical,Laurentian University
Engineering – Mining,Laurentian University
"English Literature, Media, and Writing",Laurentian University
"Equity, Diversity and Human Rights",Laurentian University
Forensic Science,Laurentian University
Forensic Science and Biology,Laurentian University
Forensic Science and Chemistry,Laurentian University
Gerontology,Laurentian University
Health Promotion,Laurentian University
History,Laurentian University
Indigenous Social Work,Laurentian University
Interdisciplinary Science,Laurentian University
Interdisciplinary Studies,Laurentian University
Kinesiology (BPHE),Laurentian University
Kinesiology (B.Sc.),Laurentian University
Law and Justice,Laurentian University
Nursing,Laurentian University
Outdoor Adventure Leadership,Laurentian University
Pharmaceutical Chemistry,Laurentian University
Psychology (B.A.),Laurentian University
Psychology (B.Sc.),Laurentian University
Social Work,Laurentian University
Sociology,Laurentian University
Sport Psychology,Laurentian University
Sports Administration,Laurentian University
Zoology,Laurentian University
Arts and Science I,McMaster University
Automation Systems Engineering Technology (Bachelor of Technology),McMaster University
Automotive & Vehicle Engineering Technology I (Bachelor of Technology),McMaster University
Biotechnology I (Bachelor of Technology),McMaster University
Business I,McMaster University
Chemical & Physical Sciences I,McMaster University
Computer Science Co-op I,McMaster University
Computer Science I,McMaster University
Economics I,McMaster University
Engineering Co-op I,McMaster University
Engineering I,McMaster University
Environmental and Earth Sciences I,McMaster University
Health & Society I,McMaster University
Honours Health Sciences I,McMaster University
Honours Integrated Science I,McMaster University
Humanities I,McMaster University
iArts (Integrated Arts),McMaster University
Integrated Biomedical Engineering & Health Sciences,McMaster University
Integrated Biomedical Engineering & Health Sciences (Co-op),McMaster University
Integrated Business & Humanities,McMaster University
Kinesiology I,McMaster University
Life Sciences I,McMaster University
Mathematics and Statistics I,McMaster University
Medical Radiation Sciences I,McMaster University
Midwifery I,McMaster University
Nursing I (at McMaster),McMaster University
Nursing I (at Mohawk),McMaster University
Social Sciences I,McMaster University
Wilson College of Leadership and Civic Engagement,McMaster University
Bachelor of Arts,Nipissing University
Bachelor of Arts/Bachelor of Commerce,Nipissing University
Bachelor of Arts in Criminal Justice,Nipissing University
Bachelor of Arts in History with Orientation to a Master of Arts in History,Nipissing University
Bachelor of Arts in Social Welfare and Social Development/Social Service Worker Diploma (joint program with Canadore College),Nipissing University
Bachelor of Arts (Liberal Arts),Nipissing University
Bachelor of Business Administration,Nipissing University
Bachelor of Fine Arts,Nipissing University
Bachelor of Physical and Health Education,Nipissing University
Bachelor of Science,Nipissing University
Bachelor of Science/Bachelor of Commerce,Nipissing University
Bachelor of Science in Nursing,Nipissing University
Bachelor of Science (Liberal Science),Nipissing University
Bachelor of Social Work,Nipissing University
Concurrent Bachelor of Arts/Bachelor of Education Intermediate/Senior,Nipissing University
Concurrent Bachelor of Arts/Bachelor of Education Junior/Intermediate,Nipissing University
Concurrent Bachelor of Arts/Bachelor of Education Primary/Junior,Nipissing University
Concurrent Bachelor of Arts Criminal Justice/Bachelor of Education Intermediate/Senior,Nipissing University
Concurrent Bachelor of Arts Criminal Justice/Bachelor of Education Junior/Intermediate,Nipissing University
Concurrent Bachelor of Arts Criminal Justice/Bachelor of Education Primary/Junior,Nipissing University
Concurrent Bachelor of Business Administration/Bachelor of Education Intermediate/Senior,Nipissing University
Concurrent Bachelor of Business Administration/Bachelor of Education Junior/Intermediate,Nipissing University
Concurrent Bachelor of Business Administration/Bachelor of Education Primary/Junior,Nipissing University
Concurrent Bachelor of Fine Arts/Bachelor of Education Intermediate/Senior,Nipissing University
Concurrent Bachelor of Fine Arts/Bachelor of Education Junior/Intermediate,Nipissing University
Concurrent Bachelor of Fine Arts/Bachelor of Education Primary/Junior,Nipissing University
Concurrent Bachelor of Physical and Health Education/Bachelor of Education Intermediate/Senior,Nipissing University
Concurrent Bachelor of Physical and Health Education/Bachelor of Education Junior/Intermediate,Nipissing University
Concurrent Bachelor of Physical and Health Education/Bachelor of Education Primary/Junior,Nipissing University
Concurrent Bachelor of Science/Bachelor of Education Intermediate/Senior,Nipissing University
Concurrent Bachelor of Science/Bachelor of Education Junior/Intermediate,Nipissing University
Concurrent Bachelor of Science/Bachelor of Education Primary/Junior,Nipissing University
Advertising,OCAD University
Creative Writing,OCAD University
Criticism & Curatorial Practice,OCAD University
Digital Futures,OCAD University
Drawing & Painting,OCAD University
Environmental Design,OCAD University
Experimental Animation,OCAD University
Graphic Design,OCAD University
Illustration,OCAD University
Indigenous Visual Culture,OCAD University
Industrial Design,OCAD University
Integrated Media,OCAD University
Material Art & Design,OCAD University
Photography,OCAD University
Printmaking & Publications,OCAD University
Sculpture/Installation,OCAD University
Visual and Critical Studies (Art History),OCAD University
Accounting,Ontario Tech University
Accounting (Co-op),Ontario Tech University
Applied Biotechnology,Ontario Tech University
Applied Biotechnology (Co-op),Ontario Tech University
Astrophysics,Ontario Tech University
Astrophysics (Co-op),Ontario Tech University
Automotive Engineering,Ontario Tech University
Automotive Engineering (Co-op),Ontario Tech University
Biological Science,Ontario Tech University
Biological Science (Co-op),Ontario Tech University
Biomedical Science,Ontario Tech University
Biomedical Science (Co-op),Ontario Tech University
Bruce Power Women in Nuclear Engineering Internship Program,Ontario Tech University
Business and Society (BA),Ontario Tech University
Chemical Biology,Ontario Tech University
Chemical Biology (Co-op),Ontario Tech University
Chemistry,Ontario Tech University
Chemistry (Co-op),Ontario Tech University
Commerce,Ontario Tech University
Commerce (Co-op),Ontario Tech University
Communication and Digital Media Studies,Ontario Tech University
Comprehensive Engineering,Ontario Tech University
Computer Science,Ontario Tech University
Computer Science (Co-op),Ontario Tech University
"Creativity, Digital Arts and Entertainment Industries",Ontario Tech University
Criminology and Justice,Ontario Tech University
Data Science,Ontario Tech University
Data Science (Co-op),Ontario Tech University
Digital Media,Ontario Tech University
Digital Media (Co-op),Ontario Tech University
Educational Studies (BA),Ontario Tech University
Electrical Engineering,Ontario Tech University
Electrical Engineering (Co-op),Ontario Tech University
Energy Engineering,Ontario Tech University
Energy Engineering (Co-op),Ontario Tech University
Entrepreneurship,Ontario Tech University
Entrepreneurship (Co-op),Ontario Tech University
Environmental Biology,Ontario Tech University
Environmental Biology (Co-op),Ontario Tech University
Environment and Sustainability,Ontario Tech University
Finance,Ontario Tech University
Finance (Co-op),Ontario Tech University
Forensic Psychology,Ontario Tech University
Forensic Science,Ontario Tech University
Game Development and Interactive Media,Ontario Tech University
Global Studies,Ontario Tech University
Health Administration,Ontario Tech University
Health Physics and Radiation Science,Ontario Tech University
Health Sciences,Ontario Tech University
Human Health Science,Ontario Tech University
Industrial Engineering,Ontario Tech University
Industrial Engineering (Co-op),Ontario Tech University
Integrated Mathematics and Computer Science,Ontario Tech University
Integrated Mathematics and Computer Science (Co-op),Ontario Tech University
Kinesiology,Ontario Tech University
Legal Studies,Ontario Tech University
Liberal Studies,Ontario Tech University
Manufacturing Engineering,Ontario Tech University
Manufacturing Engineering (Co-op),Ontario Tech University
Marine Biology,Ontario Tech University
Marine Biology (Co-op),Ontario Tech University
Marketing,Ontario Tech University
Marketing (Co-op),Ontario Tech University
Math for Science & Industry,Ontario Tech University
Math for Science & Industry (Co-op),Ontario Tech University
Mechanical Engineering,Ontario Tech University
Mechanical Engineering (Co-op),Ontario Tech University
Mechatronics Engineering,Ontario Tech University
Mechatronics Engineering (Co-op),Ontario Tech University
Medical Laboratory Science,Ontario Tech University
Medical Laboratory Science - Northern Access Initiative,Ontario Tech University
Nanotechnology and Clean Energy,Ontario Tech University
Nanotechnology and Clean Energy (Co-op),Ontario Tech University
Networking and Information Technology Security,Ontario Tech University
Neuroscience,Ontario Tech University
Neuroscience (Co-op),Ontario Tech University
Nuclear Engineering,Ontario Tech University
Nuclear Engineering (Co-op),Ontario Tech University
Nursing,Ontario Tech University
Organizational Behaviour and Human Resources Management,Ontario Tech University
Organizational Behaviour and Human Resources Management (Co-op),Ontario Tech University
Pharmaceutical Chemistry,Ontario Tech University
Pharmaceutical Chemistry (Co-op),Ontario Tech University
Physics,Ontario Tech University
Physics (Co-op),Ontario Tech University
Political Science,Ontario Tech University
Psychology – Bachelor of Arts,Ontario Tech University
Psychology – Bachelor of Science,Ontario Tech University
Public Health,Ontario Tech University
Public Policy - Undergraduate Diploma,Ontario Tech University
Software Engineering,Ontario Tech University
Software Engineering (Co-op),Ontario Tech University
"Strategic Communications, Social Media & Society",Ontario Tech University
Technology Management – Bachelor of Commerce,Ontario Tech University
Technology Management – Bachelor of Information Technology,Ontario Tech University
Technology Management - Bachelor of Commerce (Co-op),Ontario Tech University
Acting (3 years),University of Ottawa
Anthropology (4 years) (French Immersion Stream is available),University of Ottawa
Anthropology and Sociology (Joint Honours 4 years) (French Immersion Stream is available),University of Ottawa
Art History (4-year major) (French Immersion Stream is available),University of Ottawa
Arts – Interdisciplinary Studies (3 years),University of Ottawa
Arts – Interdisciplinary Studies (4 years),University of Ottawa
Biochemistry (4 years) (French Immersion Stream is available),University of Ottawa
Biology (4 years) (French Immersion Stream is available),University of Ottawa
Biomedical Mechanical Engineering (4 years),University of Ottawa
Biomedical Mechanical Engineering and Computing Technology (5-year double degree),University of Ottawa
Biomedical Science (4 years) (French Immersion Stream is available),University of Ottawa
Biopharmaceutical Sciences (4 years) (French Immersion Stream is available),University of Ottawa
Biotechnology (Biochemistry and Chemical Engineering) (5-year double degree) (French Immersion Stream is available),University of Ottawa
Chemical Engineering (4 years),University of Ottawa
Chemical Engineering and Computing Technology (5-year double degree),University of Ottawa
Chemistry (4 years) (French Immersion Stream is available),University of Ottawa
Civil Engineering (4 years),University of Ottawa
Civil Engineering and Computing Technology (5-year double degree),University of Ottawa
Commerce — Accounting (BCom) and Master of Science in Management (Research Project) (5-year double degree) (French Immersion Stream is available),University of Ottawa
Commerce – Business Technology Management (4 years) (French Immersion Stream is available),University of Ottawa
Commerce — Business Technology Management (BCom) and Master of Science in Management (Research Project) (5-year double degree) (French Immersion Stream is available),University of Ottawa
Commerce - Accounting (4 years) (French Immersion Stream is available),University of Ottawa
Commerce – Finance (4 years) (French Immersion Stream is available),University of Ottawa
Commerce — Finance (BCom) and Master of Science in Management (Research Project) (5-year double degree) (French Immersion Stream is available),University of Ottawa
Commerce – Healthcare Analytics (4 years) (French Immersion Stream is available),University of Ottawa
Commerce — Healthcare Analytics (BCom) and Master of Science in Management (Research Project) (5-year double degree) (French Immersion Stream is available),University of Ottawa
Commerce – Human Resource Management (4 years) (French Immersion Stream is available),University of Ottawa
Commerce — Human Resources (BCom) and Master of Science in Management (Research Project) (5-year double degree) (French Immersion Stream is available),University of Ottawa
Commerce – International Management (4 years) (French Immersion Stream is available),University of Ottawa
Commerce — International Management (BCom) and Master of Science in Management (Research Project) (5-year double degree) (French Immersion Stream is available),University of Ottawa
Commerce – Management (4 years) (French Immersion Stream is available),University of Ottawa
Commerce — Management (BCom) and Master of Science in Management (Research Project) (5-year double degree) (French Immersion Stream is available),University of Ottawa
Commerce – Marketing (4 years) (French Immersion Stream is available),University of Ottawa
Commerce — Marketing (BCom) and Master of Science in Management (Research Project) (5-year double degree) (French Immersion Stream is available),University of Ottawa
Commerce and Juris Doctor (6-year double degree) (French Immersion Stream is available),University of Ottawa
Communication (4 years) (French Immersion Stream is available),University of Ottawa
Communication and Political Science (Joint Honours – 4 years) (French Immersion Stream is available),University of Ottawa
Communication and Political Science (Joint Honours – 4 years) (French Immersion Stream is available),University of Ottawa
Communication and Sociology (Joint Honours – 4 years) (French Immersion Stream is available),University of Ottawa
Communication and Sociology (Joint Honours – 4 years) (French Immersion Stream is available),University of Ottawa
Computer Engineering (4 years),University of Ottawa
Computer Science (4 years) (French Immersion Stream is available),University of Ottawa
Computer Science and Mathematics (Joint Honours – 4 years) (French Immersion Stream is available),University of Ottawa
Conception multidisciplinaire - apprentissage expérientiel (3 ans),University of Ottawa
Conflict Studies and Human Rights (4 years) (French Immersion Stream is available),University of Ottawa
Criminology (4 years) (French Immersion Stream is available),University of Ottawa
Criminology and Feminist and Gender Studies (Joint Honours – 4 years) (French Immersion Stream is available),University of Ottawa
Data Science (5-year double degree) (French Immersion Stream is available),University of Ottawa
Digital Journalism (Joint program with Algonquin College) (4 years),University of Ottawa
Economics (4 years) (French Immersion Stream is available),University of Ottawa
Economics and Political Science (Joint Honours – 4 years) (French Immersion Stream is available),University of Ottawa
Economics and Public Policy (4 years) (French Immersion Stream is available),University of Ottawa
Electrical Engineering (4 years),University of Ottawa
Electrical Engineering and Computing Technology (5-year double degree),University of Ottawa
English (4 years),University of Ottawa
Environmental Economics and Public Policy (4 years) (French Immersion Stream is available),University of Ottawa
Environmental Geoscience (4 years) (French Immersion Stream is available),University of Ottawa
Environmental Science (4 years) (French Immersion Stream is available),University of Ottawa
Environmental Studies (4 years) (Bilingual program) (French Immersion Stream is available),University of Ottawa
Environmental Studies (4 years) (English Program) (French Immersion Stream is available),University of Ottawa
Ethics and Political Philosophy (4 years) (French Immersion Stream is available),University of Ottawa
Études de l'environnement (4 ans) (Programme bilingue),University of Ottawa
Feminist and Gender Studies (4-year major) (French Immersion Stream is available),University of Ottawa
Feminist and Gender Studies and Political Science (Joint Honours – 4 years) (French Immersion Stream is available),University of Ottawa
Feminist and Gender Studies and Sociology (Joint Honours – 4 years) (French Immersion Stream is available),University of Ottawa
Financial Mathematics and Economics (4 years) (French Immersion Stream is available),University of Ottawa
Food Sciences (4 years) (French Immersion Stream is available),University of Ottawa
French as a Second Language (4-year major),University of Ottawa
Geography (4 years) (French Immersion Stream is available),University of Ottawa
Geology (4 years) (French Immersion Stream is available),University of Ottawa
Geology-Physics (4 years) (French Immersion Stream is available),University of Ottawa
Greek and Roman Studies (4 years) (French Immersion Stream is available),University of Ottawa
Health Sciences (4 years) (French Immersion Stream is available),University of Ottawa
History (4 years) (French Immersion Stream is available),University of Ottawa
History and Political Science (Joint Honours – 4 years) (French Immersion Stream is available),University of Ottawa
History and Political Science (Joint Honours – 4 years) (French Immersion Stream is available),University of Ottawa
Human Kinetics – Bachelor of Science (BScHK) (4 years) - Applied Studies in Kinesiology (French Immersion Stream is available),University of Ottawa
Human Kinetics – Bachelor of Science (BScHK) (4 years) (French Immersion Stream is available),University of Ottawa
Human Kinetics (BHK) (4 years) - Education and Coaching (French Immersion Stream is available),University of Ottawa
Human Kinetics (BHK) (4 years) - Recreation and Sport Management (French Immersion Stream is available),University of Ottawa
Human Kinetics (BHK) (4 years) with Emphasis on Social Sciences (French Immersion Stream is available),University of Ottawa
Indigenous Studies (4-year major) (French Immersion Stream is available),University of Ottawa
International Development and Globalization (4 years) (French Immersion Stream is available),University of Ottawa
International Economics and Development (4 years) (French Immersion Stream is available),University of Ottawa
International Studies and Modern Languages (4 years) (French Immersion Stream is available),University of Ottawa
Linguistics (4 years),University of Ottawa
Mathematics (4 years) (French Immersion Stream is available),University of Ottawa
Mathematics and Economics (Joint Honours - 4 years) (French Immersion Stream is available),University of Ottawa
Mathematics and Economics (Joint Honours – 4 years) (French Immersion Stream is available),University of Ottawa
Mechanical Engineering (4 years),University of Ottawa
Mechanical Engineering and Computing Technology (5-year double degree),University of Ottawa
Medieval Renaissance Studies (4-year major) (French Immersion Stream is available),University of Ottawa
Multidisciplinary Design - Experiential Learning (3 years),University of Ottawa
Music (4 years) (French Immersion Stream is available),University of Ottawa
Music and Biochemistry (5-year double degree),University of Ottawa
Music and Biology (5-year double degree),University of Ottawa
Music and Chemistry (5-year double degree),University of Ottawa
Music and Computer Science (5-year double degree),University of Ottawa
Music and Geology (5-year double degree),University of Ottawa
Music and Mathematics (5-year double degree),University of Ottawa
Music and Physics (5-year double degree),University of Ottawa
Music and Statistics (5-year double degree),University of Ottawa
Music (BMus) (4 years),University of Ottawa
Nursing (4 years) – Algonquin College (Pembroke Campus),University of Ottawa
Nursing (4 years) – Algonquin College (Woodroffe Campus),University of Ottawa
Nursing (4 years) – Ottawa Campus (French Immersion Stream is available),University of Ottawa
Ophthalmic Medical Technology (4 years),University of Ottawa
Philosophy (4 years) (French Immersion Stream is available),University of Ottawa
Philosophy and Political Science (Joint Honours – 4 years) (French Immersion Stream is available),University of Ottawa
Philosophy and Political Science (Joint Honours – 4 years) (French Immersion Stream is available),University of Ottawa
Physical Geography and Geomatics (4 years) (French Immersion Stream is available),University of Ottawa
Physics (4 years) (French Immersion Stream is available),University of Ottawa
Physics and Electrical Engineering (Double degree – 5 years) (French Immersion Stream is available),University of Ottawa
Physics and Mathematics (Joint Honours – 4 years) (French Immersion Stream is available),University of Ottawa
Political Science (4 years) (French Immersion Stream is available),University of Ottawa
Political Science and Juris Doctor (French Immersion Stream is available),University of Ottawa
Psychology and Linguistics (Joint Honours – 4 years),University of Ottawa
Psychology (BA) (4 years) (French Immersion Stream is available),University of Ottawa
Psychology (BSc) (4 years) (French Immersion Stream is available),University of Ottawa
Public Administration (4 years) (French Immersion Stream is available),University of Ottawa
Public Administration and Political Science (Joint Honours – 4 years) (French Immersion Stream is available),University of Ottawa
Public Relations – Joint program with Algonquin College (4 years),University of Ottawa
Religious Studies (4 years) (French Immersion Stream is available),University of Ottawa
Sciences sociales en études interdisciplinaires (4 ans),University of Ottawa
Second Language Teaching (ESL) (4 years) (French Immersion Stream is available),University of Ottawa
Second Language Teaching (FLS) (4 years) (French Immersion Stream is available),University of Ottawa
Social Sciences in Interdisciplinary studies (3 years),University of Ottawa
Social Sciences in Interdisciplinary studies (4 years),University of Ottawa
Sociology (4 years) (French Immersion Stream is available),University of Ottawa
Software Engineering (4 years) (French Immersion Stream is available),University of Ottawa
Statistics (4 years) (French Immersion Stream is available),University of Ottawa
Theatre (4 years) (French Immersion Stream is available),University of Ottawa
Visual Arts (4-year major) (French Immersion Stream is available),University of Ottawa
Visual Arts (BFA) (4 years),University of Ottawa
World Languages and Cultures (4-year major),University of Ottawa
"Conflict Resolution (Certificate, Part-time only) (1 year)",University of Ottawa – Saint Paul University
Conflict Studies (Honours Bachelor of Arts) (4 years),University of Ottawa – Saint Paul University
"Ethics and Contemporary Social Issues (Certificate, Part-time Only) (1 year)",University of Ottawa – Saint Paul University
"Honours Bachelor of Arts with Major in Faith, Ethics and Justice (4 years)",University of Ottawa – Saint Paul University
"Human Relations and Spirituality (Certificate, Part-time Only) (1 year)",University of Ottawa – Saint Paul University
Human Relations and Spirituality (Honours Bachelor of Arts) (4 years),University of Ottawa – Saint Paul University
Major in Ethics and Contemporary Social Issues (BA) (4 years),University of Ottawa – Saint Paul University
"Social communication (Certificate, Part-time Only) (1 year)",University of Ottawa – Saint Paul University
Social Communication (Honours Bachelor of Arts) (4 years),University of Ottawa – Saint Paul University
"Social Innovation (Certificate, Part-time Only) (1 year)",University of Ottawa – Saint Paul University
Social Innovation (Honours Bachelor of Arts) (4 years),University of Ottawa – Saint Paul University
Arts,Queen's University
Commerce,Queen's University
Computer Engineering - Direct Entry,Queen's University
Computing,Queen's University
Concurrent Education/Arts,Queen's University
Concurrent Education/Arts - French,Queen's University
Concurrent Education/Kinesiology,Queen's University
Concurrent Education/Music,Queen's University
Concurrent Education/Science,Queen's University
Engineering – Common First Year programs,Queen's University
Health Sciences,Queen's University
Kinesiology,Queen's University
Life Sciences and Biochemistry,Queen's University
Mechatronics and Robotics Engineering - Direct Entry,Queen's University
Music,Queen's University
Music Theatre,Queen's University
Nursing,Queen's University
Science,Queen's University
Engineering,Royal Military College of Canada
Science,Royal Military College of Canada
Science Honours,Royal Military College of Canada
Social Sciences and Humanities Honours,Royal Military College of Canada
Social Sciences and the Humanities,Royal Military College of Canada
Architectural Studies,University of Toronto
Chemical Engineering,University of Toronto
Civil Engineering,University of Toronto
Computer Engineering,University of Toronto
Computer Science,University of Toronto
Electrical Engineering,University of Toronto
Engineering Science,University of Toronto
Humanities,University of Toronto
Industrial Engineering,University of Toronto
International Foundation Program – Applied Science and Engineering,University of Toronto
"International Foundation Program – Architecture, Landscape and Design",University of Toronto
International Foundation Program – Arts and Science,University of Toronto
International Foundation Program – Music,University of Toronto
Kinesiology and Physical Education,University of Toronto
Life Sciences (including Psychology),University of Toronto
Materials Engineering,University of Toronto
Mechanical Engineering,University of Toronto
Mineral Engineering,University of Toronto
Music,University of Toronto
Music – Artist Diploma,University of Toronto
Music Education,University of Toronto
Music Performance,University of Toronto
Physical and Mathematical Sciences,University of Toronto
Rotman Commerce,University of Toronto
Social Sciences,University of Toronto
"TrackOne, Undeclared Engineering",University of Toronto
Visual Studies,University of Toronto
Accounting & Finance (Honours) (Co-op Available),Toronto Metropolitan University (formerly Ryerson University)
Aerospace Engineering (Co-op Available),Toronto Metropolitan University (formerly Ryerson University)
Architectural Science (Honours) (Co-op Available),Toronto Metropolitan University (formerly Ryerson University)
Arts and Contemporary Studies (Honours),Toronto Metropolitan University (formerly Ryerson University)
Biology (Honours) (Co-op Available),Toronto Metropolitan University (formerly Ryerson University)
Biomedical Engineering (Co-op Available),Toronto Metropolitan University (formerly Ryerson University)
Biomedical Sciences (Honours) (Co-op Available),Toronto Metropolitan University (formerly Ryerson University)
Business Management (Honours) (Co-op Available),Toronto Metropolitan University (formerly Ryerson University)
Business Technology Management (Co-op Available),Toronto Metropolitan University (formerly Ryerson University)
Chemical Engineering Co-op,Toronto Metropolitan University (formerly Ryerson University)
Chemistry (Honours) (Co-op Available),Toronto Metropolitan University (formerly Ryerson University)
Child and Youth Care,Toronto Metropolitan University (formerly Ryerson University)
Civil Engineering (Co-op Available),Toronto Metropolitan University (formerly Ryerson University)
Computer Engineering (Co-op Available),Toronto Metropolitan University (formerly Ryerson University)
Computer Science (Honours) (Co-op Available),Toronto Metropolitan University (formerly Ryerson University)
Creative Industries,Toronto Metropolitan University (formerly Ryerson University)
Criminology (Honours),Toronto Metropolitan University (formerly Ryerson University)
Early Childhood Studies,Toronto Metropolitan University (formerly Ryerson University)
Electrical Engineering (Co-op Available),Toronto Metropolitan University (formerly Ryerson University)
English (Honours) (Co-op Available),Toronto Metropolitan University (formerly Ryerson University)
English Language Pathway Programs,Toronto Metropolitan University (formerly Ryerson University)
Environment and Urban Sustainability (Honours),Toronto Metropolitan University (formerly Ryerson University)
Fashion,Toronto Metropolitan University (formerly Ryerson University)
Financial Mathematics (Honours) (Co-op Available),Toronto Metropolitan University (formerly Ryerson University)
Geographic Analysis Co-op (Honours),Toronto Metropolitan University (formerly Ryerson University)
Graphic Communications Management,Toronto Metropolitan University (formerly Ryerson University)
History (Honours) (Co-op Available),Toronto Metropolitan University (formerly Ryerson University)
Hospitality and Tourism Management (Honours) (Co-op Available),Toronto Metropolitan University (formerly Ryerson University)
Image Arts: Film,Toronto Metropolitan University (formerly Ryerson University)
Image Arts: Photography Media Arts,Toronto Metropolitan University (formerly Ryerson University)
Industrial Engineering (Co-op Available),Toronto Metropolitan University (formerly Ryerson University)
Interior Design,Toronto Metropolitan University (formerly Ryerson University)
International Economics and Finance,Toronto Metropolitan University (formerly Ryerson University)
Journalism,Toronto Metropolitan University (formerly Ryerson University)
Language and Intercultural Relations (Honours),Toronto Metropolitan University (formerly Ryerson University)
Mathematics and Its Applications (Honours) (Co-op Available),Toronto Metropolitan University (formerly Ryerson University)
Mechanical Engineering (Co-op Available),Toronto Metropolitan University (formerly Ryerson University)
Mechatronics Engineering (Co-op Available),Toronto Metropolitan University (formerly Ryerson University)
Media Production,Toronto Metropolitan University (formerly Ryerson University)
Medical Physics (Honours) (Co-op Available),Toronto Metropolitan University (formerly Ryerson University)
Midwifery,Toronto Metropolitan University (formerly Ryerson University)
Midwifery (Part-time),Toronto Metropolitan University (formerly Ryerson University)
New Media,Toronto Metropolitan University (formerly Ryerson University)
Nursing at Centennial College,Toronto Metropolitan University (formerly Ryerson University)
Nursing at George Brown College,Toronto Metropolitan University (formerly Ryerson University)
Nursing at TMU,Toronto Metropolitan University (formerly Ryerson University)
Nutrition and Food,Toronto Metropolitan University (formerly Ryerson University)
Occupational Health and Safety (Co-op Available),Toronto Metropolitan University (formerly Ryerson University)
Performance Acting,Toronto Metropolitan University (formerly Ryerson University)
Performance Dance,Toronto Metropolitan University (formerly Ryerson University)
Performance Production,Toronto Metropolitan University (formerly Ryerson University)
Philosophy (Honours) (Co-op Available),Toronto Metropolitan University (formerly Ryerson University)
Politics and Governance (Honours) (Co-op Available),Toronto Metropolitan University (formerly Ryerson University)
Professional Communication (Honours),Toronto Metropolitan University (formerly Ryerson University)
Professional Music,Toronto Metropolitan University (formerly Ryerson University)
Psychology (Honours) (Co-op Available),Toronto Metropolitan University (formerly Ryerson University)
Public Administration and Governance (Honours) (Part-time Studies Only),Toronto Metropolitan University (formerly Ryerson University)
Public Health (Co-op Available),Toronto Metropolitan University (formerly Ryerson University)
Retail Management (Honours) (Co-op Available),Toronto Metropolitan University (formerly Ryerson University)
Social Work,Toronto Metropolitan University (formerly Ryerson University)
Sociology (Honours) (Co-op Available),Toronto Metropolitan University (formerly Ryerson University)
Sport Media,Toronto Metropolitan University (formerly Ryerson University)
Undeclared Arts (First Year Studies Only),Toronto Metropolitan University (formerly Ryerson University)
Undeclared Engineering (First Semester Studies Only),Toronto Metropolitan University (formerly Ryerson University)
Urban and Regional Planning,Toronto Metropolitan University (formerly Ryerson University)
Chemical and Physical Sciences,University of Toronto Mississauga
"Commerce (Including Accounting, Economics, Finance, Marketing)",University of Toronto Mississauga
"Communication, Culture, Information & Technology",University of Toronto Mississauga
"Computer Science, Mathematics and Statistics",University of Toronto Mississauga
Forensic Science,University of Toronto Mississauga
Humanities,University of Toronto Mississauga
Life Sciences,University of Toronto Mississauga
Management,University of Toronto Mississauga
Psychology,University of Toronto Mississauga
Social Sciences,University of Toronto Mississauga
Theatre and Drama (Joint Program with Sheridan College),University of Toronto Mississauga
Visual Studies,University of Toronto Mississauga
Computer Science (regular and co-op),University of Toronto Scarborough
Double Degree: Management & Finance (BBA) and Statistics – Quantitative Finance (BSc) (regular and co-op),University of Toronto Scarborough
International Development Studies (BA or BSc) (Co-op),University of Toronto Scarborough
Journalism (Joint Program with Centennial College),University of Toronto Scarborough
Life Sciences - Health Sciences Stream (regular and co-op),University of Toronto Scarborough
Life Sciences (regular and co-op),University of Toronto Scarborough
Management & International Business (Co-op Only),University of Toronto Scarborough
Management (regular and co-op),University of Toronto Scarborough
Mathematics (regular and co-op),University of Toronto Scarborough
Music Industry & Technology (Joint Program with Centennial College),University of Toronto Scarborough
Paramedicine (Joint Program with Centennial College),University of Toronto Scarborough
Physical & Environmental Sciences - Health Sciences Stream (regular and co-op),University of Toronto Scarborough
Physical & Environmental Sciences (regular and co-op),University of Toronto Scarborough
Psychology & Health Studies - Health Sciences Stream (regular and co-op),University of Toronto Scarborough
Psychology & Health Studies (regular and co-op),University of Toronto Scarborough
Social Sciences & Humanities (regular and co-op),University of Toronto Scarborough
Statistics (regular and co-op),University of Toronto Scarborough
"Visual & Performing Arts, Arts Management and Media",University of Toronto Scarborough
African Studies (Global Development Studies BA) Specialization,Trent University
Ancient Greek and Roman Studies,Trent University
Ancient Greek and Roman Studies and Business,Trent University
Ancient Greek and Roman Studies (Honours Arts) – Co-op,Trent University
Anthropology (BA),Trent University
Anthropology (BSc),Trent University
Anthropology & Forensics (BA),Trent University
Anthropology & Forensics (BSc),Trent University
Anthropology (Honours Arts) - Biological Anthropology,Trent University
Anthropology (Honours Bachelor of Science) - Biological Anthropology,Trent University
Archaeology – Environmental Archaeology (BA),Trent University
Archaeology – Environmental Archaeology (BSc),Trent University
Archaeology (BA),Trent University
Archaeology (BSc),Trent University
Archaeology (Honours Arts) - Bioarchaeology,Trent University
Archaeology (Honours Science) - Bioarchaeology,Trent University
Archaeology (Honours Science) - Bioarchaeology,Trent University
Bachelor of Arts and Science - Medical: Trent/Swansea Dual Degree,Trent University
Bachelor of Arts & Science,Trent University
Bachelor of Arts & Science (Honours Bachelor of Arts and Sciences) – Co-op,Trent University
Biochemistry and Molecular Biology,Trent University
Biology,Trent University
Biomedical Science,Trent University
Business Administration – Accounting,Trent University
Business Administration – Accounting – Co-op,Trent University
Business Administration – Co-op,Trent University
Business Administration – Economics,Trent University
Business Administration – Entrepreneurship,Trent University
Business Administration – Ethics & Sustainability,Trent University
Business Administration – Finance,Trent University
Business Administration – Human Resources Management,Trent University
Business Administration – Information Systems & E-Commerce,Trent University
Business Administration – Legal Studies Option,Trent University
Business Administration – Marketing & Consumer Culture,Trent University
Business Administration – Niigaaniiwin – The Art of Leading,Trent University
Business Administration (Honours),Trent University
Business and Arts,Trent University
Business and Science,Trent University
Canadian Studies,Trent University
Canadian Studies and Business,Trent University
Canadian Studies (Honours Arts) – Co-op,Trent University
Certificate in Spanish - Peterborough Campus,Trent University
Chemical Engineering: Trent/Swansea Dual Degree,Trent University
Chemical Physics,Trent University
Chemistry,Trent University
Circumpolar Studies Diploma,Trent University
Climate Change Science & Policy,Trent University
Computer Science – Co-op,Trent University
Computer Science – Data Analytics,Trent University
Computer Science and Forensics,Trent University
Computer Science and Physics,Trent University
Computer Science – Software Engineering,Trent University
Computer Science – Theoretical Computer Science,Trent University
Computer Science (BSc),Trent University
Computing Systems and Business,Trent University
Computing Systems and Economics,Trent University
Computing Systems and Media Studies,Trent University
Conservation Biology,Trent University
Conservation Biology – Co-op,Trent University
Criminology,Trent University
Criminology & Socio-Legal Studies (Sociology BA) Specialization,Trent University
Cultural Studies,Trent University
Cultural Studies – Integrated Arts Specialization,Trent University
Cultural Studies and Business,Trent University
Cultural Studies - Culture & Theory Specialization,Trent University
Cultural Studies - Film & Media Specialization,Trent University
Cultural Studies (Honours Arts) – Co-op,Trent University
Data Science,Trent University
Economics and Business,Trent University
Economics (BA),Trent University
Economics (BSc),Trent University
Economics (Honours Arts) – Co-op,Trent University
English and Business,Trent University
English Literature,Trent University
English Literature (Honours Arts) - Co-Op,Trent University
English Literature - Literary History (BA),Trent University
Environmental and Resource Science (BSc),Trent University
Environmental and Resource Studies (BA),Trent University
Environmental Chemistry,Trent University
Environmental Geoscience,Trent University
Environmental Resource Science and Business,Trent University
Environmental Resource Studies and Business,Trent University
Environmental Science (Honours Science) – Climate Change Science & Policy,Trent University
Environmental Science/Studies (Honours),Trent University
Environmental Studies (Honours Arts) – Climate Change Science & Policy,Trent University
Financial Science,Trent University
Financial Science (Honours Science) - Co-op,Trent University
Forensic Biology,Trent University
Forensic Chemistry,Trent University
Forensics and Arts,Trent University
Forensics and Business,Trent University
Forensics and Science,Trent University
Forensics & Arts – Law & Policing Specialization,Trent University
Forensic Science,Trent University
Forensics & Science – Law & Policing Specialization,Trent University
Foundations of Indigenous Learning,Trent University
French and Business,Trent University
French & Fracophone Studies (Honours Arts) – Co-op,Trent University
French & Francophone Studies,Trent University
French & Francophone Studies,Trent University
Gender & Social Justice,Trent University
Gender & Social Justice and Business,Trent University
Gender & Social Justice - Feminist Studies Specialization,Trent University
Gender & Social Justice (Honours Arts) - Critical Race Studies,Trent University
Gender & Social Justice (Hounours Arts) – Co-op,Trent University
Gender & Social Justice - Sexuality Studies,Trent University
Geography and Business,Trent University
Geography (BA),Trent University
Geography (BA) - Climate Change Science & Policy,Trent University
Geography (BSc),Trent University
Geography (Honours Arts) – Climate Change Science & Policy,Trent University
Geography (Honours Science) – Climate Change Science & Policy,Trent University
Global Development – Legal Studies Option,Trent University
Global Development Studies,Trent University
Global Development Studies and Business,Trent University
Global Development Studies - Global Migration & Refugee Studies,Trent University
Global Development Studies (Honours Arts) – Co-op,Trent University
Global Development Studies (Honours Arts) - Latin American Studies,Trent University
Global Migration & Refugee Studies (Global Development Studies BA) Specialization,Trent University
Greek & Latin (Ancient Greek & Roman Studies BA) Specialization,Trent University
Health & Behaviour,Trent University
Health Sciences (Biology BSc) Specialization,Trent University
Health Studies (Sociology BA) Specialization,Trent University
History,Trent University
History and Business,Trent University
History (Honours Arts) – Co-op,Trent University
Honours Arts,Trent University
"Honours Arts, Archaeology – Mediterranean Archaeology",Trent University
Honours Science,Trent University
Human Rights (Honours Arts),Trent University
Human Rights (Honours Arts) - Co op,Trent University
Human Rights (Honours Arts) - Co-op,Trent University
Indigenous Bachelor of Education (BEd),Trent University
Indigenous Environmental Science (BSc),Trent University
Indigenous Environmental Studies (BA),Trent University
Indigenous Environmental Studies (Dipl.),Trent University
Indigenous Environmental Studies (Honours Arts) – Co-op,Trent University
Indigenous Studies,Trent University
Indigenous Studies and Business,Trent University
Indigenous Studies (Honours Arts) – Co-op,Trent University
Information Systems and Business,Trent University
Information Systems (BA),Trent University
Information Systems (BSc),Trent University
International Political Economy,Trent University
Journalism & Creative Writing (Durham College joint-program),Trent University
Kinesiology (Honours),Trent University
Law (LL.B.) Business Administration (BBA): Trent/Swansea Dual Degree,Trent University
Law (LL.B.) Canadian Studies (BA): Trent/Swansea Dual Degree,Trent University
Law (LL.B.) Cultural Studies (BA): Trent/Swansea Dual Degree,Trent University
Law (LL.B.) Economics (BA): Trent/Swansea Dual Degree,Trent University
Law (LL.B.) English Literature (BA): Trent/Swansea Dual Degree,Trent University
Law (LL.B.) Environmental & Resource Studies (BA): Trent/Swansea Dual Degree,Trent University
Law (LL.B.) Gender and Women’s Studies (BA): Trent/Swansea Dual Degree,Trent University
Law (LL.B.) Geography (BA): Trent/Swansea Dual Degree,Trent University
Law (LL.B.) Global Development Studies (BA): Trent/Swansea Dual Degree,Trent University
Law (LL.B.) History (BA): Trent/Swansea Dual Degree,Trent University
Law (LL.B.) Indigenous Studies (BA): Trent/Swansea Dual Degree,Trent University
Law (LL.B.) Media Studies (BA): Trent/Swansea Dual Degree,Trent University
Law (LL.B.) Philosophy (BA): Trent/Swansea Dual Degree,Trent University
Law (LL.B.) Political Studies (BA): Trent/Swansea Dual Degree,Trent University
Law (LL.B.) Sociology (BA): Trent/Swansea Dual Degree,Trent University
Literature & Narrative (Cultural Studies BA) Specialization,Trent University
Mathematical Economics,Trent University
Mathematical Physics,Trent University
Mathematics,Trent University
Mathematics – Mathematical Finance,Trent University
Mathematics and Business,Trent University
Media Studies,Trent University
Media Studies and Business,Trent University
Media Studies (Honours Arts) - Co-Op,Trent University
Media Studies & Sociology,Trent University
Medical Professional Stream,Trent University
Medical Professional Stream – Indigenous,Trent University
Nursing,Trent University
Philosophy,Trent University
Philosophy – Ethics Specialization,Trent University
Philosophy – Legal Studies Option,Trent University
Philosophy and Business,Trent University
Philosophy and Economics,Trent University
Philosophy (Honours Arts) – Co-op,Trent University
Physics,Trent University
Political Science (Honours Arts) – Co-op,Trent University
Political Studies,Trent University
Political Studies – Legal Studies Option,Trent University
Political Studies and Business,Trent University
Political Studies and Forensics,Trent University
Political Studies – Public Policy,Trent University
Political Studies - Political Theory,Trent University
Political Studies - World Politics,Trent University
Psychological Development (Psychology BA) Specialization,Trent University
Psychological Development (Psychology BSc) Specialization,Trent University
Psychology – Legal Studies Option,Trent University
Psychology and Business,Trent University
Psychology and Economics,Trent University
Psychology and Forensics (Arts),Trent University
Psychology and Forensics (Science),Trent University
Psychology (BA),Trent University
Psychology - Behavioural and Cognitive Neuroscience (Honours Arts),Trent University
Psychology (BSc),Trent University
Psychology - Health & Well-Being,Trent University
Psychology - Health & Well-Being,Trent University
Psychology (Science) and Business,Trent University
Quebec & Franco-Canadian Studies (French & Francophone Studies BA),Trent University
Social Work (Honours),Trent University
Sociology,Trent University
Sociology and Business,Trent University
Sociology – Social Justice & Equity Studies,Trent University
Sociology (Honours Arts) – Co-op,Trent University
Software Engineering - Co Op,Trent University
Statistics (Mathematics BSc) Specialization,Trent University
Sustainable Agriculture and Food Systems (BA),Trent University
Sustainable Agriculture and Food Systems (BSc),Trent University
Sustainable Agriculture & Food Systems - Small-Scale Farming,Trent University
Sustainable Agriculture & Food Systems - Small-Scale Farming,Trent University
Teacher Education Stream – Arts (Honours),Trent University
Teacher Education Stream – Science (Honours),Trent University
Trent ESL: English for University,Trent University
Water Sciences,Trent University
Anthropology – Legal Studies Option,Trent University – Durham Greater Toronto Area
Anthropology (BA),Trent University – Durham Greater Toronto Area
Anthropology (BSc),Trent University – Durham Greater Toronto Area
Anthropology & Business Administration,Trent University – Durham Greater Toronto Area
Anthropology & English Literature,Trent University – Durham Greater Toronto Area
Anthropology & Media Studies,Trent University – Durham Greater Toronto Area
Anthropology & Psychology,Trent University – Durham Greater Toronto Area
Anthropology & Sociology,Trent University – Durham Greater Toronto Area
Arts and Business,Trent University – Durham Greater Toronto Area
Bachelor of Business Administration,Trent University – Durham Greater Toronto Area
Bachelor of Business Administration – Accounting,Trent University – Durham Greater Toronto Area
Bachelor of Business Administration – Communications,Trent University – Durham Greater Toronto Area
Bachelor of Business Administration – Human Resources Management,Trent University – Durham Greater Toronto Area
Bachelor of Business Administration – Information Systems & E-Commerce,Trent University – Durham Greater Toronto Area
Bachelor of Business Administration – Legal Studies Option,Trent University – Durham Greater Toronto Area
Bachelor of Business Administration – Marketing & Consumer Culture,Trent University – Durham Greater Toronto Area
Business Administration (BBA) – Entrepreneurship,Trent University – Durham Greater Toronto Area
Business Administration (BBA) - Finance,Trent University – Durham Greater Toronto Area
Business and Computing & Information Systems,Trent University – Durham Greater Toronto Area
Child and Youth Studies,Trent University – Durham Greater Toronto Area
Child and Youth Studies & Psychology,Trent University – Durham Greater Toronto Area
Child & Youth Studies – Legal Studies Option,Trent University – Durham Greater Toronto Area
Child & Youth Studies & Sociology,Trent University – Durham Greater Toronto Area
Communications,Trent University – Durham Greater Toronto Area
Communications - Business Communications,Trent University – Durham Greater Toronto Area
Communications - Media Relations,Trent University – Durham Greater Toronto Area
Computer Science (BSc),Trent University – Durham Greater Toronto Area
Computing Systems (BA),Trent University – Durham Greater Toronto Area
Criminology,Trent University – Durham Greater Toronto Area
Criminology & Socio-Legal Studies (Sociology BA) Specialization,Trent University – Durham Greater Toronto Area
English Literature,Trent University – Durham Greater Toronto Area
English Literature – Legal Studies Option,Trent University – Durham Greater Toronto Area
English Literature and Business,Trent University – Durham Greater Toronto Area
English Literature & Media Studies,Trent University – Durham Greater Toronto Area
English Literature & Psychology,Trent University – Durham Greater Toronto Area
English Literature & Sociology,Trent University – Durham Greater Toronto Area
Gender & Social Justice,Trent University – Durham Greater Toronto Area
Honours Arts,Trent University – Durham Greater Toronto Area
Honours Science,Trent University – Durham Greater Toronto Area
Honours Science Program – Computer Science,Trent University – Durham Greater Toronto Area
Human Rights (Honours Arts),Trent University – Durham Greater Toronto Area
Information Systems & Business,Trent University – Durham Greater Toronto Area
Information Systems & Media Studies,Trent University – Durham Greater Toronto Area
Law (LL.B.) Business Administration (B.B.A.): Trent/Swansea Dual Degree,Trent University – Durham Greater Toronto Area
Law (LL.B.) English Literature (B.A.): Trent/Swansea Dual Degree,Trent University – Durham Greater Toronto Area
Law (LL.B.) Media Studies (B.A.): Trent/Swansea Dual Degree,Trent University – Durham Greater Toronto Area
Law (LL.B.) Philosophy (B.A.): Trent/Swansea Dual Degree,Trent University – Durham Greater Toronto Area
Law (LL.B.) Sociology (B.A.): Trent/Swansea Dual Degree,Trent University – Durham Greater Toronto Area
Logistics & Supply Chain Management,Trent University – Durham Greater Toronto Area
Media Studies,Trent University – Durham Greater Toronto Area
Media Studies – Legal Studies Option,Trent University – Durham Greater Toronto Area
Media Studies and Business,Trent University – Durham Greater Toronto Area
Media Studies & Psychology,Trent University – Durham Greater Toronto Area
Philosophy (Durham) General Degree,Trent University – Durham Greater Toronto Area
Policing & Community Well-Being,Trent University – Durham Greater Toronto Area
Psychological Development (Psychology B.A.) Specialization,Trent University – Durham Greater Toronto Area
Psychological Development (Psychology B.Sc.) Specialization,Trent University – Durham Greater Toronto Area
Psychology – Legal Studies Option,Trent University – Durham Greater Toronto Area
Psychology and Business,Trent University – Durham Greater Toronto Area
Psychology (BA),Trent University – Durham Greater Toronto Area
Psychology (BA) - Health & Well-Being,Trent University – Durham Greater Toronto Area
Psychology - Behavioural and Cognitive Neuroscience (Honours Arts),Trent University – Durham Greater Toronto Area
Psychology (BSc),Trent University – Durham Greater Toronto Area
Psychology (B.Sc.) - Health & Well-Being,Trent University – Durham Greater Toronto Area
Psychology (Science) and Business,Trent University – Durham Greater Toronto Area
Psychology & Sociology,Trent University – Durham Greater Toronto Area
Science and Business,Trent University – Durham Greater Toronto Area
Social Work (Honours),Trent University – Durham Greater Toronto Area
Sociology,Trent University – Durham Greater Toronto Area
Sociology – Legal Studies Option,Trent University – Durham Greater Toronto Area
Sociology and Business,Trent University – Durham Greater Toronto Area
Sociology – Social Justice & Equity Studies,Trent University – Durham Greater Toronto Area
Teacher Education Stream – Arts (Honours),Trent University – Durham Greater Toronto Area
Teacher Education Stream – Science (Honours),Trent University – Durham Greater Toronto Area
Accounting and Financial Management (Co-op Only),University of Waterloo
Architectural Engineering (Co-op only),University of Waterloo
Architecture (Co-op Only),University of Waterloo
Biomedical Engineering (Co-op Only),University of Waterloo
Biotechnology/Chartered Professional Accountancy (Co-op Only),University of Waterloo
Business Administration (Laurier) and Computer Science (Waterloo) Double Degree (Co-op Only),University of Waterloo
Business Administration (Laurier) and Mathematics (Waterloo) Double Degree (Co-op Only),University of Waterloo
Chemical Engineering (Co-op Only),University of Waterloo
Civil Engineering (Co-op Only),University of Waterloo
Climate and Environmental Change (Regular/Co-op),University of Waterloo
Computer Engineering (Co-op Only),University of Waterloo
Computer Science (Regular/Co-op),University of Waterloo
Computing and Financial Management (Co-op Only),University of Waterloo
Electrical Engineering (Co-op Only),University of Waterloo
Environmental Engineering (Co-op Only),University of Waterloo
Environmental Sciences (Regular/Co-op),University of Waterloo
Environment and Business (Co-op Only),University of Waterloo
"Environment, Resources and Sustainability (Regular/Co-op)",University of Waterloo
Geography and Aviation,University of Waterloo
Geography and Environmental Management (Regular/Co-op),University of Waterloo
Geological Engineering (Co-op Only),University of Waterloo
Geomatics (Regular/Co-op),University of Waterloo
Global Business and Digital Arts (Co-op only),University of Waterloo
Health Sciences (Regular/Co-op),University of Waterloo
Honours Arts and Business (Regular/Co-op),University of Waterloo
Honours Arts (Regular/Co-op),University of Waterloo
Honours Science,University of Waterloo
Kinesiology (Regular/Co-op),University of Waterloo
Knowledge Integration,University of Waterloo
Life Sciences (Regular/Co-op),University of Waterloo
Management Engineering (Co-op Only),University of Waterloo
Mathematics/Business Administration (Regular/Co-op),University of Waterloo
Mathematics/CPA (Co-op Only),University of Waterloo
Mathematics/Financial Analysis and Risk Management (Regular/Co-op),University of Waterloo
Mathematics/Financial Analysis and Risk Management (Regular/Co-op),University of Waterloo
Mathematics (Regular/Co-op),University of Waterloo
Mechanical Engineering (Co-op Only),University of Waterloo
Mechatronics Engineering (Co-op Only),University of Waterloo
Nanotechnology Engineering (Co-op Only),University of Waterloo
Physical Sciences (Regular/Co-op),University of Waterloo
Planning (Co-op Only),University of Waterloo
Public Health (Regular/Co-op),University of Waterloo
"Recreation & Leisure Studies, Recreation & Sport Business, Therapeutic Recreation (Regular/Co-op)",University of Waterloo
Science and Aviation,University of Waterloo
Science and Business (Regular/Co-op),University of Waterloo
Software Engineering (Co-op Only),University of Waterloo
Sustainability and Financial Management (Co-op only),University of Waterloo
Systems Design Engineering (Co-op Only),University of Waterloo
Honours Arts (Renison University College),University of Waterloo – Renison University College
Social Development Studies (Renison University College),University of Waterloo – Renison University College
"Arts, Honours (BA): St. Jerome’s University",University of Waterloo – St. Jerome's University
Honours Arts and Business (Regular/Co-op),University of Waterloo – St. Jerome's University
Arts and Humanities,Western University
Brescia School of Food and Nutritional Sciences,Western University
Computer Science,Western University
Engineering,Western University
Family Studies & Human Development,Western University
Fine Arts – Studio,Western University
Health Science,Western University
Kinesiology,Western University
Management and Organizational Studies,Western University
Management and Organizational Studies (Commercial Aviation Management) – Flight and Non-flight (Main Campus Only),Western University
Media & Communications Studies,Western University
Medical Sciences,Western University
Music Administrative Studies,Western University
Music (BA),Western University
Music (BMus),Western University
Nursing (Western-Fanshawe Collaborative Program) – Fanshawe College Site,Western University
Nursing (Western-Fanshawe Collaborative Program) – Western Site,Western University
Science,Western University
Social Science,Western University
Arts,Western University – Huron University College
Management and Organizational Studies,Western University – Huron University College
Social Science,Western University – Huron University College
Arts,Western University – King's University College
Childhood and Youth Studies,Western University – King's University College
Disability Studies,Western University – King's University College
Finance and Wealth Management,Western University – King's University College
Human Rights Studies,Western University – King's University College
Management and Organizational Studies,Western University – King's University College
Social Justice and Peace Studies,Western University – King's University College
Social Sciences,Western University – King's University College
Thanatology,Western University – King's University College
Arts Degree (BA) + Business Administration (MBA) with Co-op,Wilfrid Laurier University
Arts Degree (BA) + Master’s Degree (MA or MAP),Wilfrid Laurier University
Biochemistry and Biotechnology (BSc),Wilfrid Laurier University
Biology (BA),Wilfrid Laurier University
Biology (BSc),Wilfrid Laurier University
Business Administration (BBA),Wilfrid Laurier University
"Business Administration (BBA) + Computer Science (BCS), University of Waterloo",Wilfrid Laurier University
Business Administration (BBA) + Computer Science (BSc),Wilfrid Laurier University
Business Administration (BBA) + Financial Mathematics and Analytics (BA),Wilfrid Laurier University
"Business Administration (BBA) + Mathematics (BMath), University of Waterloo",Wilfrid Laurier University
Chemistry (BSc),Wilfrid Laurier University
Chemistry & Physics (BSc),Wilfrid Laurier University
"Christianity, Interfaith Dialogue and Community Engagement (BA)",Wilfrid Laurier University
Communication Studies (BA),Wilfrid Laurier University
Computer Science and Physics (BSc),Wilfrid Laurier University
Computer Science and Psychology (BSc),Wilfrid Laurier University
Computer Science (BA),Wilfrid Laurier University
Computer Science (BA in combination),Wilfrid Laurier University
Computer Science (BSc),Wilfrid Laurier University
Data Science (BSc),Wilfrid Laurier University
Economics and Accounting (BA),Wilfrid Laurier University
Economics and Data Analytics (BA),Wilfrid Laurier University
Economics and Financial Management (BA),Wilfrid Laurier University
Economics (BA),Wilfrid Laurier University
Environmental Science (BSc),Wilfrid Laurier University
Environmental Studies (BA),Wilfrid Laurier University
Financial Mathematics and Analytics (BA),Wilfrid Laurier University
Financial Mathematics and Analytics (BSc),Wilfrid Laurier University
Geography (BA),Wilfrid Laurier University
Geography (BSc),Wilfrid Laurier University
"Global Studies (BA) + International Development (MA), University of Sussex",Wilfrid Laurier University
Health Science (BSc),Wilfrid Laurier University
Honours Arts (BA),Wilfrid Laurier University
Honours Arts (BA) in French with Teaching Option,Wilfrid Laurier University
Honours Science (BSc),Wilfrid Laurier University
Intermediate Economics I (Certificate),Wilfrid Laurier University
Intermediate Economics II (Certificate),Wilfrid Laurier University
International Education Studies (BA),Wilfrid Laurier University
Kinesiology (BKin),Wilfrid Laurier University
Kinesiology (BKin) with Teaching Option,Wilfrid Laurier University
"Law Degree (LLB at University of Sussex, UK) and Arts Degree (BA at Laurier in English, Political Science, History or Philosophy)",Wilfrid Laurier University
"Law Degree (LLB at University of Sussex, UK) and Science Degree (BSc Honours Science at Laurier)",Wilfrid Laurier University
Mathematics and Data Analytics (BSc),Wilfrid Laurier University
Mathematics (BA),Wilfrid Laurier University
Mathematics (BSc),Wilfrid Laurier University
Music (BMus),Wilfrid Laurier University
Music (BMus) with Teaching Option,Wilfrid Laurier University
Navigating the Music Industry Ecosystem Certificate,Wilfrid Laurier University
Policing (BA in combination),Wilfrid Laurier University
Policing (Online) & Psychology (BA),Wilfrid Laurier University
Post-Baccalaureate Certificate in Computer Science,Wilfrid Laurier University
Psychology (BA),Wilfrid Laurier University
Psychology (BSc),Wilfrid Laurier University
Public Safety,Wilfrid Laurier University
Applied Health Sciences (BASc),Wilfrid Laurier University – Brantford Campus
Business Technology Management (BBTM),Wilfrid Laurier University – Brantford Campus
Criminology and Policing (BA),Wilfrid Laurier University – Brantford Campus
Criminology (BA),Wilfrid Laurier University – Brantford Campus
English (BA),Wilfrid Laurier University – Brantford Campus
Game Design & Development (BA),Wilfrid Laurier University – Brantford Campus
Health Studies (BA),Wilfrid Laurier University – Brantford Campus
"Health Studies (BA) + Public Health / Global Health (MSc), Brighton and Sussex Medical School",Wilfrid Laurier University – Brantford Campus
History (BA),Wilfrid Laurier University – Brantford Campus
Human Rights (BA),Wilfrid Laurier University – Brantford Campus
"Human Rights (BA) + International Development (MA), University of Sussex",Wilfrid Laurier University – Brantford Campus
Indigenous Studies (BA in combination),Wilfrid Laurier University – Brantford Campus
"Law Degree (LLB at University of Sussex, UK) and Arts Degree (BA Criminology at Laurier)",Wilfrid Laurier University – Brantford Campus
"Law Degree (LLB at University of Sussex, UK) and Arts Degree (BA in English; History; Human Rights; or Law & Society at Laurier)",Wilfrid Laurier University – Brantford Campus
Law & Society (BA),Wilfrid Laurier University – Brantford Campus
Leadership,Wilfrid Laurier University – Brantford Campus
Policing (BA),Wilfrid Laurier University – Brantford Campus
Policing (Online) & Psychology (BA),Wilfrid Laurier University – Brantford Campus
Psychology (BA),Wilfrid Laurier University – Brantford Campus
Psychology (BSc),Wilfrid Laurier University – Brantford Campus
Public Safety: Advanced Standing (BA),Wilfrid Laurier University – Brantford Campus
Social Work (BSW),Wilfrid Laurier University – Brantford Campus
User Experience Design (BDes),Wilfrid Laurier University – Brantford Campus
User Experience Design (BDes) with Teaching Option,Wilfrid Laurier University – Brantford Campus
Youth & Children's Studies (BA),Wilfrid Laurier University – Brantford Campus
Computer Science (BA in combination),Wilfrid Laurier University – Milton Campus
Computer Science (BSc),Wilfrid Laurier University – Milton Campus
Psychology (BA),Wilfrid Laurier University – Milton Campus
Psychology (BA in Combination),Wilfrid Laurier University – Milton Campus
Acting,University of Windsor
Actuarial Science,University of Windsor
"Behaviour, Cognition and Neuroscience",University of Windsor
Biochemistry,University of Windsor
Biological Sciences,University of Windsor
Biomedical Sciences,University of Windsor
Business Administration,University of Windsor
Chemistry,University of Windsor
Civil Engineering,University of Windsor
Commercial Aviation Leadership,University of Windsor
"Communication, Media and Film",University of Windsor
"Communication, Media and Film with Cooperative Education",University of Windsor
Computer Science,University of Windsor
"Concurrent General BA (Communication, Media and Film)/BEd",University of Windsor
Concurrent General BA (Drama)/BEd,University of Windsor
Concurrent General BA (English)/BEd,University of Windsor
Concurrent General BA (French Studies)/BEd,University of Windsor
Concurrent General BA (History)/BEd,University of Windsor
Concurrent General BA (Political Science)/BEd,University of Windsor
Concurrent General BA (Psychology)/BEd/Diploma in ECE,University of Windsor
Concurrent General BA (Visual Art)/BEd,University of Windsor
Concurrent General BMath/BEd,University of Windsor
Concurrent General BSc (General Science)/BEd,University of Windsor
Concurrent Honours BMus (Music Education)/BEd,University of Windsor
Criminology,University of Windsor
Disability Studies,University of Windsor
Drama,University of Windsor
Economics,University of Windsor
Electrical Engineering,University of Windsor
English,University of Windsor
English with Co-operative Education,University of Windsor
Environmental Engineering,University of Windsor
Environmental Science/Environmental Studies,University of Windsor
Family and Social Relations,University of Windsor
Film Production,University of Windsor
Forensic Science/Forensics,University of Windsor
French,University of Windsor
French with Co-operative Education,University of Windsor
General Engineering,University of Windsor
General Science,University of Windsor
Greek and Roman Studies,University of Windsor
History,University of Windsor
Human Kinetics (Kinesiology - Health Studies or Sport Management and Leadership),University of Windsor
Industrial Engineering,University of Windsor
Interdisciplinary Arts and Science,University of Windsor
International Relations & Development Studies,University of Windsor
Liberal Arts and Professional Studies,University of Windsor
Mathematics & Statistics,University of Windsor
Mechanical Engineering,University of Windsor
Modern Languages,University of Windsor
Modern Languages and Second-Language Education (Spanish Stream) with Co-operative Education,University of Windsor
Music,University of Windsor
Nursing,University of Windsor
Philosophy,University of Windsor
Philosophy with Co-operative Education,University of Windsor
Physics,University of Windsor
Political Science,University of Windsor
Psychology,University of Windsor
Psychology with Co-operative Education,University of Windsor
Social Work,University of Windsor
Sociology,University of Windsor
Visual Arts,University of Windsor
Women's and Gender Studies,University of Windsor
Actuarial Science (BA),York University
African Studies (BA),York University
"Anthropology (BA, iBA)",York University
Applied Mathematics (BA),York University
Applied Mathematics (BSc),York University
Biochemistry (BSc),York University
Biology (BSc),York University
Biology (iBSc),York University
Biomedical Science (BSc),York University
Biophysics (BSc),York University
Biotechnology (BSc),York University
Business Administration (BBA),York University
Business Economics (BA),York University
Business & Society (BA),York University
Chemistry (BSc),York University
"Children, Childhood & Youth (BA)",York University
Cinema & Media Arts (BA),York University
Cinema & Media Arts - Media Arts (BFA),York University
Cinema & Media Arts - Production (BFA),York University
Cinema & Media Arts - Screenwriting (BFA),York University
"Cities, Regions, Planning (BES)",York University
Classical Studies / Classics (BA),York University
Cognitive Science (BA),York University
Commerce (BCom),York University
"Communication & Media Studies (BA, iBA)",York University
"Communication, Social Media & Public Relations (BA)",York University
Computer Science (BA),York University
Computer Science (BSc),York University
Computer Science for Software Development (BASc),York University
Computer Science (iBA),York University
Computer Science (iBSc),York University
Computer Security (BA),York University
Computer Security (BSc),York University
Concurrent Bachelor of Education: Environmental and Urban Change (BEd),York University
"Concurrent Education: Arts, Media, Performance & Design (BEd)",York University
Concurrent Education: Educational Studies (BEd),York University
Concurrent Education: Health (BEd),York University
Concurrent Education: Lassonde (BEd),York University
Concurrent Education: Liberal Arts & Professional Studies (BEd),York University
Concurrent Education: Science (BEd),York University
Creative Technologies (BFA),York University
Criminology (BA),York University
Dance (BFA),York University
Data Science (BA),York University
Data Science (BSc),York University
Design (BDes),York University
Digital Media (BA) – Lassonde School of Engineering,York University
"Digital Media (BA) - School of the Arts, Media, Performance & Design",York University
Digital Technologies (BASc),York University
Disaster & Emergency Management (BDEM),York University
Earth & Atmospheric Science (BSc),York University
East Asian Studies (BA),York University
Economics (BA),York University
Educational Studies (BA),York University
Engineering (BEng),York University
English (BA),York University
English & Professional Writing (BA),York University
Entrepreneurship and Innovation (BCom),York University
Environmental Arts & Justice (BES),York University
Environmental Biology (BSc),York University
Environmental Science (BSc) - Faculty of Environmental & Urban Change,York University
Environmental Science (BSc) - Faculty of Science,York University
Financial & Business Economics (BA),York University
Financial Technologies (BSc),York University
First Year Engineering Core Program,York University
First Year Science Program,York University
Global Geography (BA),York University
Global Health (BA),York University
Global Health (BSc),York University
Global Political Studies (BA),York University
"Health Policy, Management & Digital Health (BHS)",York University
Health & Society (BA),York University
Health Studies (BHS),York University
"History (BA, iBA)",York University
"Humanities (BA, iBA)",York University
Human Resources Management (BHRM),York University
Human Rights & Equity Studies (BA),York University
Indigenous Studies (BA),York University
Information Technology (BA),York University
Information Technology (BCom),York University
Integrative Arts (BFA),York University
Interdisciplinary Social Science (BA),York University
"International Development Studies (BA, iBA)",York University
Jewish Studies (BA),York University
Kinesiology & Health Science (BA),York University
Kinesiology & Health Science (BSc),York University
"Languages & Linguistics (BA, iBA)",York University
Law & Society (BA),York University
Mathematical Biology (BSc),York University
Mathematics (BA),York University
Mathematics (BSc),York University
Mathematics for Education (BA),York University
Mathematics for Education (BSc),York University
"Music (BA, BFA)",York University
Neuroscience (BSc) – Faculty of Health,York University
Neuroscience (BSc) – Faculty of Science,York University
Nursing (Direct Entry) - BScN,York University
Nursing - Internationally Educated Nurses,York University
Nursing (Second-Degree Entry),York University
Philosophy (BA),York University
Physics & Astronomy (BSc),York University
"Political Science (BA, iBA)",York University
Professional Writing (BA),York University
Psychology (BA),York University
Psychology (BSc),York University
Public Administration (BPA),York University
Religious Studies (BA),York University
"Science, Technology & Society (BA)",York University
"Social Work (BSW, Direct Entry)",York University
Sociology (BA),York University
Speech and Language Sciences (BA),York University
Sport Management (BSM),York University
Statistics (BA),York University
Statistics (BSc),York University
Sustainable Environmental Management (BES),York University
"Theatre (BA, BFA)",York University
"Undecided Major (BSc, First Year Only)",York University
Undeclared Major (BA),York University
Undeclared Major (BA/BES),York University
Visual Arts - Art History (BA),York University
Visual Arts - Studio (BFA),York University
Work & Labour Studies (BA),York University
Biology (BSc) (Courses in English or French as per student's preference),York University – Glendon Campus
Business Economics (Courses in English or French as per student's preference),York University – Glendon Campus
Communications (Courses in English or French as per student's preference),York University – Glendon Campus
Concurrent Bachelor of Education (English),York University – Glendon Campus
Concurrent Bachelor of Education (French),York University – Glendon Campus
Economics (Courses in English or French as per student's preference),York University – Glendon Campus
English,York University – Glendon Campus
Ethics and Political Philosophy (Courses in English or French as per student's preference),York University – Glendon Campus
First Year Exploration BA (First year only) (Courses in English or French as per student's preference),York University – Glendon Campus
Global history and justice (Courses in English or French as per student's preference),York University – Glendon Campus
International BA (iBA Bilingual),York University – Glendon Campus
International BSc (iBSc Bilingual: Psychology or Biology),York University – Glendon Campus
International Studies & Business Administration (Dual Degree),York University – Glendon Campus
International Studies (Courses in English or French as per student's preference),York University – Glendon Campus
"Linguistics, Language and Society (Courses in English or French as per student's preference)",York University – Glendon Campus
Mathematics (Courses in English or French as per student's preference),York University – Glendon Campus
Political Science (Courses in English or French as per student's preference),York University – Glendon Campus
Professional Translation (Courses in English or French as per student's preference),York University – Glendon Campus
Psychology (BA) (Courses in English or French as per student's preference),York University – Glendon Campus
Psychology (BSc) (Courses in English or French as per student's preference),York University – Glendon Campus
Sociology (Courses in English or French as per student's preference),York University – Glendon Campus
